<?xml version="1.0" encoding="UTF-8"?>
<project-private xmlns="http://www.netbeans.org/ns/project-private/1">
    <editor-bookmarks xmlns="http://www.netbeans.org/ns/editor-bookmarks/2" lastBookmarkId="0"/>
    <open-files xmlns="http://www.netbeans.org/ns/projectui-open-files/2">
        <group>
            <file>file:/C:/Users/supermanYC/Desktop/project/CaptureTheFlag/src/CaptureTheFlag.java</file>
            <file>file:/C:/Users/supermanYC/Desktop/project/CaptureTheFlag/src/Field.java</file>
            <file>file:/C:/Users/supermanYC/Desktop/project/CaptureTheFlag/src/RandomWalker.java</file>
            <file>file:/C:/Users/supermanYC/Desktop/project/CaptureTheFlag/src/Entity.java</file>
            <file>file:/C:/Users/supermanYC/Desktop/project/CaptureTheFlag/src/Chaser.java</file>
            <file>file:/C:/Users/supermanYC/Desktop/project/CaptureTheFlag/src/Catcher.java</file>
            <file>file:/C:/Users/supermanYC/Desktop/project/CaptureTheFlag/src/Player.java</file>
            <file>file:/C:/Users/supermanYC/Desktop/project/CaptureTheFlag/src/Stopping.java</file>
        </group>
    </open-files>
</project-private>
